table_name,month,rows
call_center_interactions,2025-12,19606
call_center_interactions,2026-04,18820
call_center_interactions,2026-06,11143
call_center_interactions,2023-06,9012
call_center_interactions,2023-07,19261
call_center_interactions,2023-12,19141
call_center_interactions,2024-02,18474
call_center_interactions,2024-04,19730
call_center_interactions,2024-07,19576
call_center_interactions,2024-09,18840
call_center_interactions,2024-11,17691
call_center_interactions,2025-02,17171
call_center_interactions,2025-03,19523
call_center_interactions,2025-06,18159
call_center_interactions,2025-07,19716
call_center_interactions,2024-10,19598
call_center_interactions,2025-09,19317
call_center_interactions,2025-10,19032
call_center_interactions,2026-01,18831
call_center_interactions,2026-02,17776
call_center_interactions,2026-03,20406
call_center_interactions,2026-05,18774
call_center_interactions,2023-09,18349
call_center_interactions,2023-11,18734
call_center_interactions,2024-03,18952
call_center_interactions,2024-05,19155
call_center_interactions,2024-08,19916
call_center_interactions,2025-01,19513
call_center_interactions,2025-04,19160
call_center_interactions,2025-05,19745
call_center_interactions,2025-08,19077
call_center_interactions,2025-11,19007
call_center_interactions,2023-08,19729
call_center_interactions,2023-10,19168
call_center_interactions,2024-01,18947
call_center_interactions,2024-06,18255
call_center_interactions,2024-12,18992
call_transcripts,2026-01,4638
call_transcripts,2026-02,4479
call_transcripts,2026-03,5241
call_transcripts,2026-05,4670
call_transcripts,2023-09,4557
call_transcripts,2023-11,4655
call_transcripts,2024-03,4740
call_transcripts,2024-05,4720
call_transcripts,2024-08,4872
call_transcripts,2025-01,4903
call_transcripts,2025-04,4735
call_transcripts,2025-05,4865
call_transcripts,2025-09,4745
call_transcripts,2025-10,4746
call_transcripts,2026-04,4740
call_transcripts,2026-06,2784
call_transcripts,2023-06,2279
call_transcripts,2023-07,4830
call_transcripts,2023-12,4758
call_transcripts,2024-02,4567
call_transcripts,2024-04,4953
call_transcripts,2024-07,5033
call_transcripts,2024-09,4737
call_transcripts,2024-11,4344
call_transcripts,2025-02,4216
call_transcripts,2025-03,4843
call_transcripts,2025-06,4581
call_transcripts,2025-07,4965
call_transcripts,2025-12,4982
call_transcripts,2024-10,4855
call_transcripts,2023-08,4953
call_transcripts,2023-10,4781
call_transcripts,2024-01,4746
call_transcripts,2024-06,4591
call_transcripts,2024-12,4824
call_transcripts,2025-08,4739
call_transcripts,2025-11,4654
complaints,2024-10,1883
complaints,2023-09,1811
complaints,2023-11,1835
complaints,2024-03,1925
complaints,2024-05,1822
complaints,2024-08,1887
complaints,2025-01,2001
complaints,2025-04,1787
complaints,2025-05,1884
complaints,2025-09,1765
complaints,2025-10,1972
complaints,2026-01,1939
complaints,2026-02,1706
complaints,2026-03,1962
complaints,2026-05,1825
complaints,2023-08,1915
complaints,2023-10,1872
complaints,2024-01,1887
complaints,2024-06,1833
complaints,2024-12,1874
complaints,2025-08,1906
complaints,2025-11,1806
complaints,2023-06,796
complaints,2023-07,1883
complaints,2023-12,1954
complaints,2024-02,1726
complaints,2024-04,1867
complaints,2024-07,1901
complaints,2024-09,1835
complaints,2024-11,1878
complaints,2025-02,1740
complaints,2025-03,1772
complaints,2025-06,1818
complaints,2025-07,1973
complaints,2025-12,1928
complaints,2026-04,1863
complaints,2026-06,1064
satisfaction_surveys,2024-07,5988
satisfaction_surveys,2024-09,5784
satisfaction_surveys,2024-11,5534
satisfaction_surveys,2025-02,5317
satisfaction_surveys,2025-03,6087
satisfaction_surveys,2025-06,5594
satisfaction_surveys,2025-07,6128
satisfaction_surveys,2025-12,6028
satisfaction_surveys,2026-04,5823
satisfaction_surveys,2026-06,3516
satisfaction_surveys,2023-06,2666
satisfaction_surveys,2023-07,6007
satisfaction_surveys,2023-12,5976
satisfaction_surveys,2024-02,5745
satisfaction_surveys,2024-04,6040
satisfaction_surveys,2024-10,6084
satisfaction_surveys,2024-05,5928
satisfaction_surveys,2024-08,6245
satisfaction_surveys,2025-01,6035
satisfaction_surveys,2025-04,5900
satisfaction_surveys,2025-05,6168
satisfaction_surveys,2025-09,5949
satisfaction_surveys,2025-10,5914
satisfaction_surveys,2026-01,5902
satisfaction_surveys,2026-02,5490
satisfaction_surveys,2026-03,6295
satisfaction_surveys,2026-05,5878
satisfaction_surveys,2023-09,5752
satisfaction_surveys,2023-11,5805
satisfaction_surveys,2024-03,5900
satisfaction_surveys,2024-06,5754
satisfaction_surveys,2024-12,5849
satisfaction_surveys,2025-08,5947
satisfaction_surveys,2025-11,5906
satisfaction_surveys,2023-08,6081
satisfaction_surveys,2023-10,5904
satisfaction_surveys,2024-01,5840
