table,column,min,max,distinct_days,timezone
branches,branch_opening_date,1990-01-03 00:00:00,2023-05-11 00:00:00,346,No declarada en CSV; no convertir ni asumir UTC
call_center_interactions,interaction_date,2023-06-17 08:03:26,2026-06-18 07:58:13,1098,No declarada en CSV; no convertir ni asumir UTC
call_center_interactions,process_date,2023-06-17 00:00:00,2026-06-17 00:00:00,1097,No declarada en CSV; no convertir ni asumir UTC
call_transcripts,process_date,2023-06-17 00:00:00,2026-06-17 00:00:00,1097,No declarada en CSV; no convertir ni asumir UTC
campaign_sends,send_date,2023-07-01 06:00:42,2026-06-18 05:59:53,1084,No declarada en CSV; no convertir ni asumir UTC
campaign_sends,process_date,2023-07-01 00:00:00,2026-06-17 00:00:00,1083,No declarada en CSV; no convertir ni asumir UTC
campaign_sends,open_date,2023-07-01 07:44:22,2026-06-25 03:30:02,1091,No declarada en CSV; no convertir ni asumir UTC
campaign_sends,click_date,2023-07-01 21:57:26,2026-06-24 23:51:59,1090,No declarada en CSV; no convertir ni asumir UTC
campaign_sends,conversion_date,2023-07-03 12:56:27,2026-06-26 08:26:49,1089,No declarada en CSV; no convertir ni asumir UTC
complaints,creation_date,2023-06-17 08:07:05,2026-06-18 07:56:52,1098,No declarada en CSV; no convertir ni asumir UTC
complaints,process_date,2023-06-17 00:00:00,2026-06-17 00:00:00,1097,No declarada en CSV; no convertir ni asumir UTC
complaints,assignment_date,2023-06-17 22:26:12,2026-06-19 03:56:52,1099,No declarada en CSV; no convertir ni asumir UTC
complaints,first_response_date,2023-06-18 03:37:40,2026-06-20 22:42:19,1099,No declarada en CSV; no convertir ni asumir UTC
complaints,resolution_date,2023-06-20 07:10:42,2026-07-18 06:07:57,1123,No declarada en CSV; no convertir ni asumir UTC
complaints,closing_date,2023-06-26 11:38:44,2026-07-18 22:15:16,980,No declarada en CSV; no convertir ni asumir UTC
customers,date_of_birth,1942-07-07 00:00:00,2005-06-21 00:00:00,22956,No declarada en CSV; no convertir ni asumir UTC
customers,registration_date,2018-06-18 01:21:11,2026-06-17 23:53:29,2922,No declarada en CSV; no convertir ni asumir UTC
customers,last_updated,2018-06-18 15:09:31,2027-06-15 19:35:27,3274,No declarada en CSV; no convertir ni asumir UTC
daily_exchange_rates,date,2023-06-17 00:00:00,2026-06-17 00:00:00,1097,No declarada en CSV; no convertir ni asumir UTC
digital_events,event_date,2023-06-17 06:02:03,2026-06-18 06:04:05,1098,No declarada en CSV; no convertir ni asumir UTC
digital_events,process_date,2023-06-17 00:00:00,2026-06-17 00:00:00,1097,No declarada en CSV; no convertir ni asumir UTC
marketing_campaigns,start_date,2023-07-01 00:00:00,2026-06-14 00:00:00,186,No declarada en CSV; no convertir ni asumir UTC
marketing_campaigns,end_date,2023-08-11 00:00:00,2026-08-20 00:00:00,180,No declarada en CSV; no convertir ni asumir UTC
products,opening_date,2018-06-18 00:00:00,2026-06-17 00:00:00,2922,No declarada en CSV; no convertir ni asumir UTC
products,expiration_date,2021-06-17 00:00:00,2031-06-16 00:00:00,3652,No declarada en CSV; no convertir ni asumir UTC
products,last_transaction_date,2018-06-21 17:07:15,2026-06-17 23:17:43,2895,No declarada en CSV; no convertir ni asumir UTC
products,last_updated,2018-06-20 05:21:54,2027-06-15 02:26:58,3281,No declarada en CSV; no convertir ni asumir UTC
satisfaction_surveys,survey_date,2023-06-17 09:29:20,2026-06-19 06:54:58,1099,No declarada en CSV; no convertir ni asumir UTC
satisfaction_surveys,process_date,2023-06-17 00:00:00,2026-06-17 00:00:00,1097,No declarada en CSV; no convertir ni asumir UTC
service_agents,hire_date,2013-06-20 00:00:00,2026-03-17 00:00:00,1055,No declarada en CSV; no convertir ni asumir UTC
transactions,transaction_date,2023-06-17 06:01:30,2026-06-18 05:59:41,1098,No declarada en CSV; no convertir ni asumir UTC
transactions,process_date,2023-06-17 00:00:00,2026-06-17 00:00:00,1097,No declarada en CSV; no convertir ni asumir UTC
