month,interactions,resolution_known,unresolved,unresolved_pct
2023-06,9012,9012,2109,23.40213049267643
2023-07,19261,19261,4491,23.316546389076372
2023-08,19729,19729,4614,23.386892391910386
2023-09,18349,18349,4303,23.450869257180226
2023-10,19168,19168,4357,22.73059265442404
2023-11,18734,18734,4364,23.294544678125334
2023-12,19141,19141,4490,23.45749960817094
2024-01,18947,18947,4476,23.62379268485776
2024-02,18474,18474,4366,23.633214247049906
2024-03,18952,18952,4453,23.49620092866188
2024-04,19730,19730,4699,23.816523061327928
2024-05,19155,19155,4557,23.79013312451057
2024-06,18255,18255,4239,23.221035332785537
2024-07,19576,19576,4560,23.293829178586023
2024-08,19916,19916,4624,23.217513556939146
2024-09,18840,18840,4409,23.402335456475583
2024-10,19598,19598,4511,23.017654862741097
2024-11,17691,17691,4121,23.29433045051156
2024-12,18992,18992,4474,23.557287278854254
2025-01,19513,19513,4590,23.52277968533798
2025-02,17171,17171,4038,23.516393919981365
2025-03,19523,19523,4507,23.08559135378784
2025-04,19160,19160,4444,23.194154488517746
2025-05,19745,19745,4538,22.98303367941251
2025-06,18159,18159,4205,23.156561484663253
2025-07,19716,19716,4674,23.70663420572124
2025-08,19077,19077,4481,23.489018189442785
2025-09,19317,19317,4572,23.66827147072527
2025-10,19032,19032,4441,23.334384195039934
2025-11,19007,19007,4428,23.296680170463514
2025-12,19606,19606,4670,23.819239008466795
2026-01,18831,18831,4376,23.238277308693114
2026-02,17776,17776,4127,23.216696669666966
2026-03,20406,20406,4693,22.998137802607076
2026-04,18820,18820,4298,22.837407013815092
2026-05,18774,18774,4311,22.96260786193672
2026-06,11143,11143,2656,23.83559185138652
