table,column,rows,non_null,null_rows,null_pct,approx_distinct,expected_type,invalid_type
branches,branch_id,350,350,0,0.0,416,VARCHAR,0
branches,branch_code,350,350,0,0.0,342,VARCHAR,0
branches,branch_name,350,350,0,0.0,171,VARCHAR,0
branches,branch_type,350,350,0,0.0,4,VARCHAR,0
branches,address,350,350,0,0.0,318,VARCHAR,0
branches,city,350,350,0,0.0,16,VARCHAR,0
branches,state,350,350,0,0.0,18,VARCHAR,0
branches,country,350,350,0,0.0,3,VARCHAR,0
branches,postal_code,350,350,0,0.0,107,VARCHAR,0
branches,geographic_zone,350,350,0,0.0,1,VARCHAR,0
branches,phone,350,350,0,0.0,396,VARCHAR,0
branches,email,350,350,0,0.0,361,VARCHAR,0
branches,opening_time,350,350,0,0.0,4,TIME,0
branches,closing_time,350,350,0,0.0,5,TIME,0
branches,has_atms,350,350,0,0.0,1,BOOLEAN,0
branches,atm_count,350,350,0,0.0,7,DOUBLE,0
branches,has_teller_windows,350,350,0,0.0,1,BOOLEAN,0
branches,teller_window_count,350,350,0,0.0,10,DOUBLE,0
branches,latitude,350,350,0,0.0,450,DOUBLE,0
branches,longitude,350,350,0,0.0,294,DOUBLE,0
branches,branch_opening_date,350,350,0,0.0,320,TIMESTAMP,0
branches,branch_status,350,350,0,0.0,2,VARCHAR,0
customers,customer_id,150000,150000,0,0.0,173849,VARCHAR,0
customers,document_number,150000,150000,0,0.0,165394,VARCHAR,0
customers,document_type,150000,150000,0,0.0,4,VARCHAR,0
customers,first_name,150000,150000,0,0.0,6810,VARCHAR,0
customers,last_name,150000,150000,0,0.0,4365,VARCHAR,0
customers,date_of_birth,150000,150000,0,0.0,26753,TIMESTAMP,0
customers,gender,150000,150000,0,0.0,3,VARCHAR,0
customers,email,150000,147016,2984,1.9893333333333334,84951,VARCHAR,0
customers,mobile_phone,150000,145293,4707,3.138,154153,VARCHAR,0
customers,landline_phone,150000,74947,75053,50.035333333333334,54920,VARCHAR,0
customers,address,150000,142630,7370,4.913333333333333,168966,VARCHAR,0
customers,city,150000,150000,0,0.0,16,VARCHAR,0
customers,state,150000,150000,0,0.0,18,VARCHAR,0
customers,country,150000,150000,0,0.0,3,VARCHAR,0
customers,postal_code,150000,134956,15044,10.029333333333334,7594,VARCHAR,0
customers,detected_accent,150000,105183,44817,29.878,3,VARCHAR,0
customers,segment,150000,150000,0,0.0,4,VARCHAR,0
customers,credit_score,150000,127508,22492,14.994666666666667,442,DOUBLE,0
customers,estimated_monthly_income,150000,119967,30033,20.022,92660,DOUBLE,0
customers,occupation,150000,134961,15039,10.026,21,VARCHAR,0
customers,marital_status,150000,138045,11955,7.97,4,VARCHAR,0
customers,education_level,150000,132048,17952,11.968,5,VARCHAR,0
customers,registration_date,150000,150000,0,0.0,152920,TIMESTAMP,0
customers,registration_branch_id,150000,150000,0,0.0,129978,VARCHAR,0
customers,customer_status,150000,150000,0,0.0,4,VARCHAR,0
customers,last_updated,150000,150000,0,0.0,140354,TIMESTAMP,0
customers,accepts_marketing,150000,150000,0,0.0,2,BOOLEAN,0
products,product_id,400000,400000,0,0.0,467436,VARCHAR,0
products,customer_id,400000,400000,0,0.0,172609,VARCHAR,0
products,product_type,400000,400000,0,0.0,7,VARCHAR,0
products,product_number,400000,400000,0,0.0,424581,VARCHAR,0
products,currency,400000,400000,0,0.0,3,VARCHAR,0
products,current_balance,400000,400000,0,0.0,341358,DOUBLE,0
products,credit_limit,400000,125317,274683,68.67075,143753,DOUBLE,0
products,interest_rate,400000,359934,40066,10.0165,4057,DOUBLE,0
products,opening_date,400000,400000,0,0.0,3237,TIMESTAMP,0
products,expiration_date,400000,133161,266839,66.70975,3689,TIMESTAMP,0
products,opening_branch_id,400000,400000,0,0.0,416,VARCHAR,0
products,product_status,400000,400000,0,0.0,4,VARCHAR,0
products,opening_channel,400000,400000,0,0.0,4,VARCHAR,0
products,has_linked_app,400000,400000,0,0.0,2,BOOLEAN,0
products,days_past_due,400000,125350,274650,68.6625,7,DOUBLE,0
products,last_transaction_date,400000,305723,94277,23.56925,307663,TIMESTAMP,0
products,last_updated,400000,400000,0,0.0,450378,TIMESTAMP,0
service_agents,agent_id,1200,1200,0,0.0,1094,VARCHAR,0
service_agents,employee_code,1200,1200,0,0.0,1492,VARCHAR,0
service_agents,first_name,1200,1200,0,0.0,401,VARCHAR,0
service_agents,last_name,1200,1200,0,0.0,1107,VARCHAR,0
service_agents,email,1200,1200,0,0.0,1312,VARCHAR,0
service_agents,phone,1200,1131,69,5.75,1341,VARCHAR,0
service_agents,native_accent,1200,1200,0,0.0,3,VARCHAR,0
service_agents,country_of_origin,1200,1200,0,0.0,3,VARCHAR,0
service_agents,assigned_branch_id,1200,833,367,30.583333333333332,765,VARCHAR,0
service_agents,agent_type,1200,1200,0,0.0,4,VARCHAR,0
service_agents,experience_level,1200,1200,0,0.0,4,VARCHAR,0
service_agents,languages,1200,1200,0,0.0,4,VARCHAR,0
service_agents,specialty,1200,724,476,39.666666666666664,7,VARCHAR,0
service_agents,hire_date,1200,1200,0,0.0,991,TIMESTAMP,0
service_agents,avg_csat,1200,1066,134,11.166666666666666,142,DOUBLE,0
service_agents,total_monthly_interactions,1200,1089,111,9.25,473,DOUBLE,0
service_agents,agent_status,1200,1200,0,0.0,4,VARCHAR,0
service_agents,work_shift,1200,1200,0,0.0,3,VARCHAR,0
marketing_campaigns,campaign_id,200,200,0,0.0,207,VARCHAR,0
marketing_campaigns,campaign_name,200,200,0,0.0,188,VARCHAR,0
marketing_campaigns,description,200,161,39,19.5,35,VARCHAR,0
marketing_campaigns,campaign_type,200,200,0,0.0,6,VARCHAR,0
marketing_campaigns,campaign_objective,200,200,0,0.0,5,VARCHAR,0
marketing_campaigns,promoted_product,200,178,22,11.0,6,VARCHAR,0
marketing_campaigns,target_segment,200,121,79,39.5,4,VARCHAR,0
marketing_campaigns,target_country,200,89,111,55.5,3,VARCHAR,0
marketing_campaigns,start_date,200,200,0,0.0,214,TIMESTAMP,0
marketing_campaigns,end_date,200,200,0,0.0,203,TIMESTAMP,0
marketing_campaigns,budget,200,169,31,15.5,179,DOUBLE,0
marketing_campaigns,campaign_status,200,200,0,0.0,3,VARCHAR,0
marketing_campaigns,expected_conversion_rate,200,186,14,7.0,156,DOUBLE,0
daily_exchange_rates,date,13164,13164,0,0.0,1215,DATE,0
daily_exchange_rates,source_currency,13164,13164,0,0.0,4,VARCHAR,0
daily_exchange_rates,target_currency,13164,13164,0,0.0,4,VARCHAR,0
daily_exchange_rates,exchange_rate,13164,13164,0,0.0,7717,DOUBLE,0
daily_exchange_rates,buy_rate,13164,13164,0,0.0,9411,DOUBLE,0
daily_exchange_rates,sell_rate,13164,13164,0,0.0,9657,DOUBLE,0
daily_exchange_rates,source,13164,13164,0,0.0,4,VARCHAR,0
call_center_interactions,interaction_id,686296,686296,0,0.0,715842,VARCHAR,0
call_center_interactions,interaction_date,686296,686296,0,0.0,728894,TIMESTAMP,0
call_center_interactions,process_date,686296,686296,0,0.0,1215,DATE,0
call_center_interactions,customer_id,686296,686296,0,0.0,164963,VARCHAR,0
call_center_interactions,agent_id,686296,686296,0,0.0,1052,VARCHAR,0
call_center_interactions,interaction_type,686296,686296,0,0.0,5,VARCHAR,0
call_center_interactions,channel,686296,686296,0,0.0,6,VARCHAR,0
call_center_interactions,contact_reason,686296,686296,0,0.0,6,VARCHAR,0
call_center_interactions,reason_category,686296,686296,0,0.0,6,VARCHAR,0
call_center_interactions,duration_seconds,686296,590062,96234,14.02222947532843,986,DOUBLE,0
call_center_interactions,wait_time_seconds,686296,480678,205618,29.9605418070337,312,DOUBLE,0
call_center_interactions,was_resolved,686296,686296,0,0.0,2,BOOLEAN,0
call_center_interactions,requires_followup,686296,686296,0,0.0,2,BOOLEAN,0
call_center_interactions,detected_sentiment,686296,686296,0,0.0,5,VARCHAR,0
call_center_interactions,sentiment_score,686296,686296,0,0.0,306,DOUBLE,0
call_center_interactions,customer_detected_accent,686296,481546,204750,29.834065767540537,3,VARCHAR,0
call_center_interactions,agent_used_accent,686296,481546,204750,29.834065767540537,3,VARCHAR,0
call_center_interactions,was_escalated,686296,686296,0,0.0,2,BOOLEAN,0
call_center_interactions,mentioned_products,686296,274341,411955,60.02584890484572,312189,VARCHAR,0
call_center_interactions,has_transcript,686296,686296,0,0.0,2,BOOLEAN,0
call_center_interactions,has_recording,686296,686296,0,0.0,2,BOOLEAN,0
call_transcripts,transcript_id,171321,171321,0,0.0,180126,VARCHAR,0
call_transcripts,interaction_id,171321,171321,0,0.0,208322,VARCHAR,0
call_transcripts,process_date,171321,171321,0,0.0,1215,DATE,0
call_transcripts,customer_id,171321,171321,0,0.0,103670,VARCHAR,0
call_transcripts,agent_id,171321,171321,0,0.0,1052,VARCHAR,0
call_transcripts,full_text,171321,171321,0,0.0,561,VARCHAR,0
call_transcripts,customer_text,171321,171321,0,0.0,50,VARCHAR,0
call_transcripts,agent_text,171321,171321,0,0.0,35,VARCHAR,0
call_transcripts,detected_language,171321,171321,0,0.0,1,VARCHAR,0
call_transcripts,detected_accent,171321,108238,63083,36.82152217182949,3,VARCHAR,0
call_transcripts,accent_confidence,171321,154180,17141,10.005194926483036,27,DOUBLE,0
call_transcripts,detected_keywords,171321,162524,8797,5.134805423736728,12,VARCHAR,0
call_transcripts,mentioned_entities,171321,154157,17164,10.018620017394248,54,VARCHAR,0
call_transcripts,detected_intents,171321,162864,8457,4.936347558092703,1,VARCHAR,0
call_transcripts,main_topics,171321,171321,0,0.0,6,VARCHAR,0
call_transcripts,transcription_model,171321,171321,0,0.0,4,VARCHAR,0
call_transcripts,audio_quality,171321,162683,8638,5.0419971865679045,3,VARCHAR,0
call_transcripts,duration_seconds,171321,147292,24029,14.025717804589046,970,DOUBLE,0
complaints,complaint_id,67095,67095,0,0.0,66008,VARCHAR,0
complaints,creation_date,67095,67095,0,0.0,78331,TIMESTAMP,0
complaints,process_date,67095,67095,0,0.0,1215,DATE,0
complaints,customer_id,67095,67095,0,0.0,59121,VARCHAR,0
complaints,case_type,67095,67095,0,0.0,4,VARCHAR,0
complaints,category,67095,67095,0,0.0,5,VARCHAR,0
complaints,subcategory,67095,60397,6698,9.982860123705194,5,VARCHAR,0
complaints,reception_channel,67095,67095,0,0.0,5,VARCHAR,0
complaints,affected_product_id,67095,44570,22525,33.57180117743498,44958,VARCHAR,0
complaints,related_branch_id,67095,19178,47917,71.41664803636634,416,VARCHAR,0
complaints,origin_interaction_id,67095,0,67095,100.0,0,VARCHAR,0
complaints,description,67095,67095,0,0.0,5,VARCHAR,0
complaints,claimed_amount,67095,21751,45344,67.58178701840674,22492,DOUBLE,0
complaints,currency,67095,21776,45319,67.54452641776585,4,VARCHAR,0
complaints,priority,67095,67095,0,0.0,4,VARCHAR,0
complaints,status,67095,67095,0,0.0,6,VARCHAR,0
complaints,assigned_agent_id,67095,43980,23115,34.451151352559805,1094,VARCHAR,0
complaints,assignment_date,67095,43967,23128,34.47052686489306,53870,TIMESTAMP,0
complaints,first_response_date,67095,40853,26242,39.11170728072136,35422,TIMESTAMP,0
complaints,resolution_date,67095,15349,51746,77.12348163052388,13413,TIMESTAMP,0
complaints,closing_date,67095,2481,64614,96.30225799239884,2501,TIMESTAMP,0
complaints,sla_breached,67095,67095,0,0.0,2,BOOLEAN,0
complaints,resolution_days,67095,15363,51732,77.102615694165,30,DOUBLE,0
complaints,resolution,67095,15310,51785,77.18160816752366,4,VARCHAR,0
complaints,compensation_granted,67095,4641,62454,93.0829420970266,4511,DOUBLE,0
complaints,resolution_satisfaction,67095,2484,64611,96.29778672032194,5,DOUBLE,0
complaints,is_repeat_complainer,67095,67095,0,0.0,2,BOOLEAN,0
satisfaction_surveys,survey_id,212759,212759,0,0.0,202151,VARCHAR,0
satisfaction_surveys,survey_date,212759,212759,0,0.0,207875,TIMESTAMP,0
satisfaction_surveys,process_date,212759,212759,0,0.0,1215,DATE,0
satisfaction_surveys,interaction_id,212759,212759,0,0.0,245496,VARCHAR,0
satisfaction_surveys,customer_id,212759,212759,0,0.0,140954,VARCHAR,0
satisfaction_surveys,agent_id,212759,212759,0,0.0,1052,VARCHAR,0
satisfaction_surveys,survey_type,212759,212759,0,0.0,3,VARCHAR,0
satisfaction_surveys,send_channel,212759,212759,0,0.0,5,VARCHAR,0
satisfaction_surveys,main_score,212759,212759,0,0.0,7,DOUBLE,0
satisfaction_surveys,nps_category,212759,60394,152365,71.61389177426102,2,VARCHAR,0
satisfaction_surveys,question_1_text,212759,121303,91456,42.985725633228206,3,VARCHAR,0
satisfaction_surveys,question_1_response,212759,121370,91389,42.954234603471534,5,DOUBLE,0
satisfaction_surveys,question_2_text,212759,81371,131388,61.75437936820534,1,VARCHAR,0
satisfaction_surveys,question_2_response,212759,81496,131263,61.695627447017515,5,DOUBLE,0
satisfaction_surveys,question_3_text,212759,40144,172615,81.13170300668831,1,VARCHAR,0
satisfaction_surveys,question_3_response,212759,40103,172656,81.15097363683792,5,DOUBLE,0
satisfaction_surveys,open_comments,212759,101196,111563,52.436324667816635,15,VARCHAR,0
satisfaction_surveys,comment_sentiment,212759,101257,111502,52.407653730276984,3,VARCHAR,0
satisfaction_surveys,response_time_hours,212759,212759,0,0.0,3407,DOUBLE,0
satisfaction_surveys,campaign_response_rate,212759,180722,32037,15.057882392754243,2465,DOUBLE,0
transactions,transaction_id,4425008,4425008,0,0.0,4394559,VARCHAR,0
transactions,transaction_date,4425008,4425008,0,0.0,3776378,TIMESTAMP,0
transactions,process_date,4425008,4425008,0,0.0,1215,DATE,0
transactions,product_id,4425008,4425008,0,0.0,405731,VARCHAR,0
transactions,customer_id,4425008,4425008,0,0.0,167822,VARCHAR,0
transactions,transaction_type,4425008,4425008,0,0.0,6,VARCHAR,0
transactions,transaction_category,4425008,1731488,2693520,60.870398426398324,6,VARCHAR,0
transactions,amount,4425008,4425008,0,0.0,2816513,DOUBLE,0
transactions,currency,4425008,4425008,0,0.0,3,VARCHAR,0
transactions,amount_usd,4425008,1887552,2537456,57.343534746151875,656182,DOUBLE,0
transactions,channel,4425008,4425008,0,0.0,6,VARCHAR,0
transactions,branch_id,4425008,1387932,3037076,68.63436179098433,416,VARCHAR,0
transactions,merchant_name,4425008,1029234,3395774,76.74051662731458,28,VARCHAR,0
transactions,merchant_category,4425008,1028793,3396215,76.7504827109917,6,VARCHAR,0
transactions,transaction_country,4425008,4425008,0,0.0,6,VARCHAR,0
transactions,transaction_city,4425008,3982397,442611,10.002490390977824,30,VARCHAR,0
transactions,transaction_status,4425008,4425008,0,0.0,4,VARCHAR,0
transactions,response_code,4425008,4203975,221033,4.9950870145319515,5,VARCHAR,0
transactions,is_fraud,4425008,4425008,0,0.0,2,BOOLEAN,0
transactions,fraud_score,4425008,3539851,885157,20.003511858057657,5159,DOUBLE,0
transactions,latitude,4425008,857328,3567680,80.62539095974516,1024504,DOUBLE,0
transactions,longitude,4425008,857293,3567715,80.62618191876716,992206,DOUBLE,0
digital_events,event_id,15620994,15620994,0,0.0,14709111,VARCHAR,0
digital_events,event_date,15620994,15620994,0,0.0,10572811,TIMESTAMP,0
digital_events,process_date,15620994,15620994,0,0.0,1215,DATE,0
digital_events,customer_id,15620994,11875548,3745446,23.97700171960888,173849,VARCHAR,0
digital_events,session_id,15620994,15620994,0,0.0,1837582,VARCHAR,0
digital_events,event_type,15620994,15620994,0,0.0,7,VARCHAR,0
digital_events,event_category,15620994,15620994,0,0.0,4,VARCHAR,0
digital_events,channel,15620994,15620994,0,0.0,4,VARCHAR,0
digital_events,platform,15620994,14840467,780527,4.9966538621037815,5,VARCHAR,0
digital_events,browser,15620994,5933258,9687736,62.017410671817686,4,VARCHAR,0
digital_events,app_version,15620994,8906578,6714416,42.983282625932766,526,VARCHAR,0
digital_events,page_url,15620994,14840600,780394,4.995802443813755,13,VARCHAR,0
digital_events,page_title,15620994,14841170,779824,4.992153508285068,12,VARCHAR,0
digital_events,action,15620994,14059562,1561432,9.995727544610798,10,VARCHAR,0
digital_events,element_id,15620994,13277750,2343244,15.00060751575732,13,VARCHAR,0
digital_events,product_id,15620994,1440338,14180656,90.77947280435548,465190,VARCHAR,0
digital_events,event_value,15620994,794510,14826484,94.91383198790038,496939,DOUBLE,0
digital_events,duration_seconds,15620994,5674785,9946209,63.672062097968926,254,DOUBLE,0
digital_events,ip_address,15620994,14840139,780855,4.998753600443096,1606932,VARCHAR,0
digital_events,ip_country,15620994,15620994,0,0.0,4,VARCHAR,0
digital_events,ip_city,15620994,11250518,4370476,27.97821956784568,16,VARCHAR,0
digital_events,is_mobile,15620994,15620994,0,0.0,2,BOOLEAN,0
digital_events,referrer,15620994,1047525,14573469,93.29412071984663,4,VARCHAR,0
digital_events,utm_source,15620994,839045,14781949,94.62873489356696,4,VARCHAR,0
digital_events,utm_medium,15620994,839134,14781860,94.62816514749318,4,VARCHAR,0
digital_events,utm_campaign,15620994,838917,14782077,94.6295543036506,3,VARCHAR,0
campaign_sends,send_id,1746801,1746801,0,0.0,2203531,VARCHAR,0
campaign_sends,send_date,1746801,1746801,0,0.0,1427643,TIMESTAMP,0
campaign_sends,process_date,1746801,1746801,0,0.0,1200,DATE,0
campaign_sends,campaign_id,1746801,1746801,0,0.0,164,VARCHAR,0
campaign_sends,customer_id,1746801,1746801,0,0.0,173849,VARCHAR,0
campaign_sends,send_channel,1746801,1746801,0,0.0,5,VARCHAR,0
campaign_sends,template_used,1746801,1571583,175218,10.03079343325313,858,VARCHAR,0
campaign_sends,subject,1746801,558459,1188342,68.02961527958823,9,VARCHAR,0
campaign_sends,send_status,1746801,1746801,0,0.0,4,VARCHAR,0
campaign_sends,was_delivered,1746801,1746801,0,0.0,2,BOOLEAN,0
campaign_sends,was_opened,1746801,1262572,484229,27.720902380981006,2,BOOLEAN,0
campaign_sends,open_date,1746801,487309,1259492,72.10277530182316,535875,TIMESTAMP,0
campaign_sends,was_clicked,1746801,1746801,0,0.0,2,BOOLEAN,0
campaign_sends,click_date,1746801,97793,1649008,94.40159468651552,135250,TIMESTAMP,0
campaign_sends,click_count,1746801,97793,1649008,94.40159468651552,5,DOUBLE,0
campaign_sends,had_conversion,1746801,1746801,0,0.0,2,BOOLEAN,0
campaign_sends,conversion_date,1746801,9799,1737002,99.43903169279156,13027,TIMESTAMP,0
campaign_sends,conversion_value,1746801,9799,1737002,99.43903169279156,13870,DOUBLE,0
campaign_sends,open_device,1746801,438377,1308424,74.9040102450136,3,VARCHAR,0
campaign_sends,open_country,1746801,438523,1308278,74.89565210919847,3,VARCHAR,0
campaign_sends,failure_reason,1746801,99597,1647204,94.29832018644368,3,VARCHAR,0
campaign_sends,send_cost,1746801,1484718,262083,15.003598005725895,2305,DOUBLE,0
