table,files,source_MB,columns,raw_rows,analysis_rows,distinct_keys,null_key_rows,duplicate_key_groups,rows_in_duplicate_groups,schema_variants,seconds_prepare_profile
branches,1,0.089529,22,350,350,350,0,0,0,1,26.308661699993536
customers,1,46.897358,27,150000,150000,150000,0,0,0,1,26.325918199989246
products,1,68.213646,17,400000,400000,400000,0,0,0,1,5.711169200018048
service_agents,1,0.237992,18,1200,1200,1200,0,0,0,1,0.15745339999557473
marketing_campaigns,1,0.03271,13,200,200,200,0,0,0,1,20.91028130002087
daily_exchange_rates,1,0.778914,7,13164,13164,13164,0,0,0,1,0.22474289999809116
call_center_interactions,1097,139.73495,21,686296,686296,686296,0,0,0,1,55.049617000011494
call_transcripts,1097,137.235657,18,171321,171321,171321,0,0,0,1,6.441109299979871
complaints,1097,17.990612,27,67095,67095,67095,0,0,0,1,15.583534600009443
satisfaction_surveys,1097,46.446098,20,212759,212759,212759,0,0,0,1,20.868050199991558
transactions,1097,808.333639,22,4425008,4425008,4425008,0,0,0,1,92.74071220000042
digital_events,1097,3757.355051,26,15620994,15620994,15620994,0,0,0,1,191.36308579999604
campaign_sends,1083,325.976325,22,1746801,1746801,1746801,0,0,0,1,201.65650159999495
