contact_reason,channel,interactions,unresolved,unresolved_pct,unresolved_without_flags,wait_p50_s,wait_p95_s
Queja,Phone,99554,56129,56.38045683749523,0,120.0,219.0
Queja,Email,4637,2655,57.256847099417726,0,,
Queja,App,4399,2460,55.92180040918391,0,,
Queja,Web Chat,3946,2229,56.48758236188546,0,,
Queja,WhatsApp,3897,2193,56.27405696689761,0,,
Queja,Web,588,334,56.80272108843537,0,,
Técnico,Phone,87435,26325,30.1080802882141,0,119.0,219.0
Técnico,Email,4172,1197,28.691275167785236,0,,
Técnico,App,3940,1172,29.746192893401012,0,,
Técnico,WhatsApp,3482,1077,30.93049971280873,0,,
Técnico,Web Chat,3339,1008,30.18867924528302,0,,
Técnico,Web,531,161,30.32015065913371,0,,
