contact_reason,detected_sentiment,interactions,unresolved,unresolved_pct
Queja,Neutral,46985,26476,56.349898903905505
Queja,Negativo,29104,16477,56.61421110500275
Queja,Positivo,23354,13085,56.02894579087094
Queja,Muy Negativo,11720,6662,56.84300341296928
Queja,Muy Positivo,5858,3300,56.33321952884943
Técnico,Neutral,41079,12344,30.04941697704423
Técnico,Negativo,25741,7713,29.963870867487664
Técnico,Positivo,20661,6194,29.9791878418276
Técnico,Muy Negativo,10264,3103,30.231878409976616
Técnico,Muy Positivo,5154,1586,30.77221575475359
