table,column,batch_rows,passed,cpu_mean,gpu_mean
branches,atm_count,350,True,5.074285714285714,5.074285714285714
branches,teller_window_count,350,True,7.84,7.84
branches,latitude,350,True,2.664780278571428,2.6647802785714276
branches,longitude,350,True,-44.301947793428575,-44.301947793428575
customers,credit_score,131072,True,647.105567321153,647.105567321153
customers,estimated_monthly_income,131072,True,5901861.0782480575,5901861.0782480575
products,current_balance,131072,True,6450648.190565033,6450648.190565033
products,credit_limit,131072,True,43757348.05020396,43757348.05020396
products,interest_rate,131072,True,9.942611747729396,9.942611747729396
products,days_past_due,131072,True,12.306996528626607,12.306996528626607
service_agents,avg_csat,1200,True,4.271369606003752,4.271369606003752
service_agents,total_monthly_interactions,1200,True,453.030303030303,453.030303030303
marketing_campaigns,budget,200,True,263990.2320710059,263990.2320710059
marketing_campaigns,expected_conversion_rate,200,True,7.655268817204302,7.6552688172043
daily_exchange_rates,exchange_rate,13164,True,385.9353559140079,385.9353559140079
daily_exchange_rates,buy_rate,13164,True,382.0446264124886,382.0446264124886
daily_exchange_rates,sell_rate,13164,True,389.8260854174264,389.8260854174263
call_center_interactions,duration_seconds,131072,True,322.15799604388974,322.15799604388974
call_center_interactions,wait_time_seconds,131072,True,119.87320600213428,119.87320600213428
call_center_interactions,sentiment_score,131072,True,-0.038263244628906255,-0.03826324462890625
call_transcripts,accent_confidence,131072,True,0.8705476119845743,0.8705476119845743
call_transcripts,duration_seconds,131072,True,321.1395689326246,321.1395689326246
complaints,claimed_amount,67095,True,2535.520211484529,2535.5202114845297
complaints,resolution_days,67095,True,15.601445030267525,15.601445030267525
complaints,compensation_granted,67095,True,253.1371902607197,253.13719026071965
complaints,resolution_satisfaction,67095,True,3.0209339774557167,3.0209339774557167
satisfaction_surveys,main_score,131072,True,3.5256805419921875,3.5256805419921875
satisfaction_surveys,question_1_response,131072,True,3.008599935801412,3.008599935801412
satisfaction_surveys,question_2_response,131072,True,3.0013371385235597,3.0013371385235597
satisfaction_surveys,question_3_response,131072,True,2.9858727331606216,2.9858727331606216
satisfaction_surveys,response_time_hours,131072,True,18.4663468170166,18.4663468170166
satisfaction_surveys,campaign_response_rate,131072,True,29.942582842150664,29.942582842150664
transactions,amount,131072,True,1907841.010506134,1907841.010506134
transactions,amount_usd,131072,True,1684.4331478796341,1684.4331478796341
transactions,fraud_score,131072,True,14.982170390422448,14.982170390422448
transactions,latitude,131072,True,-5.493515218906194,-5.493515218906194
transactions,longitude,131072,True,-34.15290284409699,-34.152902844096985
digital_events,event_value,131072,True,2517.060250487475,2517.060250487476
digital_events,duration_seconds,131072,True,152.67399421953124,152.67399421953124
campaign_sends,click_count,131072,True,2.992926284437826,2.992926284437826
campaign_sends,conversion_value,131072,True,2605.3965906210396,2605.396590621039
campaign_sends,send_cost,131072,True,0.04064090591147142,0.04064090591147141
