table,column,finite_values_CPU,mean_CPU,mean_GPU,passed
branches,atm_count,350,5.074285714285714,5.074285714285714,True
branches,teller_window_count,350,7.84,7.84,True
branches,latitude,350,2.664780278571422,2.664780278571428,True
branches,longitude,350,-44.30194779342858,-44.301947793428575,True
customers,credit_score,127508,647.0983624556891,647.0983624556891,True
customers,estimated_monthly_income,119967,5895961.540268799,5895961.540268741,True
products,current_balance,400000,6398475.925089501,6398475.925089474,True
products,credit_limit,125317,43180976.17941571,43180976.17941556,True
products,interest_rate,359934,9.984632182566415,9.984632182566806,True
products,days_past_due,125350,12.341045073793378,12.341045073793378,True
service_agents,avg_csat,1066,4.2713696060037485,4.271369606003752,True
service_agents,total_monthly_interactions,1089,453.030303030303,453.030303030303,True
marketing_campaigns,budget,169,263990.2320710058,263990.2320710059,True
marketing_campaigns,expected_conversion_rate,186,7.655268817204298,7.6552688172043,True
daily_exchange_rates,exchange_rate,13164,385.9353559140037,385.9353559140079,True
daily_exchange_rates,buy_rate,13164,382.0446264124855,382.0446264124886,True
daily_exchange_rates,sell_rate,13164,389.8260854174223,389.8260854174263,True
call_center_interactions,duration_seconds,590062,321.45454545454544,321.4545454545455,True
call_center_interactions,wait_time_seconds,480678,119.93708054040334,119.93708054040334,True
call_center_interactions,sentiment_score,686296,-0.036937429330784,-0.0369374293307843,True
call_transcripts,accent_confidence,154180,0.8704534959138562,0.8704534959138669,True
call_transcripts,duration_seconds,147292,321.46486570893194,321.4648657089319,True
complaints,claimed_amount,21751,2535.5202114845542,2535.5202114845297,True
complaints,resolution_days,15363,15.601445030267525,15.601445030267524,True
complaints,compensation_granted,4641,253.13719026071988,253.13719026071965,True
complaints,resolution_satisfaction,2484,3.0209339774557167,3.0209339774557167,True
satisfaction_surveys,main_score,212759,3.526163405543361,3.526163405543361,True
satisfaction_surveys,question_1_response,121370,3.008552360550383,3.008552360550383,True
satisfaction_surveys,question_2_response,81496,3.00665063315991,3.00665063315991,True
satisfaction_surveys,question_3_response,40103,2.987108196394285,2.9871081963942845,True
satisfaction_surveys,response_time_hours,212759,18.474388345498735,18.474388345498895,True
satisfaction_surveys,campaign_response_rate,180722,29.95858213167217,29.95858213167185,True
transactions,amount,4425008,1913670.9025837916,1913670.902583812,True
transactions,amount_usd,1887552,1675.0746203919039,1675.074620391915,True
transactions,fraud_score,3539851,15.031166097104016,15.031166097104084,True
transactions,latitude,857328,-5.479298783980392,-5.479298783980345,True
transactions,longitude,857293,-33.878037199719266,-33.878037199719,True
digital_events,event_value,794510,2506.4417932687857,2506.441793268807,True
digital_events,duration_seconds,5674785,152.51202538950815,152.51202538950818,True
campaign_sends,click_count,97793,2.999693229576759,2.9996932295767595,True
campaign_sends,conversion_value,9799,2547.0864292274728,2547.086429227472,True
campaign_sends,send_cost,1484718,0.04300086501273912,0.0430008650127499,True
