contact_reason,survey_type,was_resolved,surveys,mean_score,score_known
Comercial,CES,False,614,1.996742671009772,614
Comercial,CES,True,1146,3.025305410122164,1146
Comercial,CSAT,False,3550,2.0307042253521126,3550
Comercial,CSAT,True,6693,2.9926789182728224,6693
Comercial,NPS,False,1774,2.9746335963923336,1774
Comercial,NPS,True,3370,5.992581602373887,3370
Producto,CES,False,486,1.991769547325103,486
Producto,CES,True,4141,3.020284955324801,4141
Producto,CSAT,False,2877,2.0066041014946125,2877
Producto,CSAT,True,25065,2.9974865350089765,25065
Producto,NPS,False,1457,2.9766643788606726,1457
Producto,NPS,True,12540,6.001674641148325,12540
Queja,CES,False,2122,2.0098963242224315,2122
Queja,CES,True,1571,3.0089115213239976,1571
Queja,CSAT,False,12359,2.002022817380047,12359
Queja,CSAT,True,9484,2.9971530999578238,9484
Queja,NPS,False,6025,3.0034854771784234,6025
Queja,NPS,True,4796,5.986030025020851,4796
Retención,CES,False,236,1.9533898305084745,236
Retención,CES,True,404,3.00990099009901,404
Retención,CSAT,False,1503,2.0,1503
Retención,CSAT,True,2295,3.0034858387799566,2295
Retención,NPS,False,757,2.952443857331572,757
Retención,NPS,True,1160,5.960344827586207,1160
Transaccional,CES,False,586,1.9658703071672354,586
Transaccional,CES,True,6768,2.9949763593380614,6768
Transaccional,CSAT,False,3835,1.9859191655801824,3835
Transaccional,CSAT,True,41002,2.999780498512268,41002
Transaccional,NPS,False,1903,3.0346820809248554,1903
Transaccional,NPS,True,20438,5.992660730012721,20438
Técnico,CES,False,945,2.0211640211640214,945
Técnico,CES,True,2216,2.9882671480144403,2216
Técnico,CSAT,False,5881,1.9994898826730148,5881
Técnico,CSAT,True,13312,3.0025540865384617,13312
Técnico,NPS,False,2718,3.0169242089771893,2718
Técnico,NPS,True,6730,6.003268945022288,6730
