source_currency,target_currency,rows,days,providers,first_date,last_date,min_rate,max_rate
ARS,COP,1097,1097,4,2023-06-17,2026-06-17,11.201004,11.655275
ARS,MXN,1097,1097,4,2023-06-17,2026-06-17,0.047601,0.049543
ARS,USD,1097,1097,4,2023-06-17,2026-06-17,0.0028,0.002914
COP,ARS,1097,1097,4,2023-06-17,2026-06-17,0.085755,0.089248
COP,MXN,1097,1097,4,2023-06-17,2026-06-17,0.004165,0.004335
COP,USD,1097,1097,4,2023-06-17,2026-06-17,0.000245,0.000255
MXN,ARS,1097,1097,4,2023-06-17,2026-06-17,20.177146,20.99883
MXN,COP,1097,1097,4,2023-06-17,2026-06-17,230.602699,239.998349
MXN,USD,1097,1097,4,2023-06-17,2026-06-17,0.057648,0.059999
USD,ARS,1097,1097,4,2023-06-17,2026-06-17,343.010078,356.978115
USD,COP,1097,1097,4,2023-06-17,2026-06-17,3920.014775,4079.944006
USD,MXN,1097,1097,4,2023-06-17,2026-06-17,16.660952,17.339564
