month,transactions,status_known,declined,declined_pct,events,type_known,errors,error_pct
2023-06,57418,57418,2805,4.885227628966526,193035,193035,4348,2.2524412671277227
2023-07,121121,121121,5983,4.939688410762791,515918,515918,11874,2.3015285374807624
2023-08,127919,127919,6379,4.9867494273720085,442166,442166,10136,2.2923517412012684
2023-09,118902,118902,5957,5.010008242081715,442136,442136,10219,2.3112797872147937
2023-10,128065,128065,6432,5.022449537344317,488306,488306,11336,2.321495128054949
2023-11,122255,122255,6069,4.964214142570856,419660,419660,9572,2.280894057093838
2023-12,125490,125490,6265,4.992429675671368,425204,425204,9814,2.3080685976613577
2024-01,122418,122418,6042,4.935548693819537,497127,497127,11505,2.314297956055495
2024-02,117330,117330,6050,5.156396488536606,371912,371912,8579,2.3067284734023104
2024-03,121105,121105,6118,5.051814541100698,424098,424098,9721,2.292158887804234
2024-04,121731,121731,6013,4.93957989337145,391299,391299,8970,2.2923646623170515
2024-05,126416,126416,6282,4.969307682571826,463679,463679,10739,2.3160419169296
2024-06,121441,121441,5986,4.929142546586408,419700,419700,9488,2.2606623778889685
2024-07,129316,129316,6444,4.98314207058678,444861,444861,10304,2.3162291142626574
2024-08,122109,122109,6057,4.960322334963025,419801,419801,9620,2.291561954354563
2024-09,118012,118012,5855,4.961359861708979,430118,430118,9806,2.2798394859085183
2024-10,127758,127758,6376,4.990685514801421,407032,407032,9384,2.3054698402091236
2024-11,120835,120835,6105,5.052344105598544,385266,385266,8897,2.309313565173153
2024-12,123343,123343,6250,5.067170410967789,403075,403075,9192,2.2804688953668673
2025-01,122056,122056,6291,5.1541915186471785,443948,443948,10121,2.279771504770829
2025-02,110632,110632,5576,5.040133053727674,395621,395621,9141,2.3105446879715688
2025-03,123365,123365,6167,4.998986746646131,426983,426983,9779,2.290255115543242
2025-04,120838,120838,6013,4.976083682285374,387151,387151,8925,2.30530206560231
2025-05,126679,126679,6244,4.928993755871139,477284,477284,10944,2.2929744135567085
2025-06,118998,118998,6024,5.062269954116876,417165,417165,9504,2.2782352306641256
2025-07,126867,126867,6422,5.061994056768111,491453,491453,11103,2.2592190911440158
2025-08,125886,125886,6312,5.014060340307898,445122,445122,10214,2.29465180332583
2025-09,118785,118785,5959,5.016626678452667,447590,447590,10258,2.291829576174624
2025-10,129256,129256,6451,4.990870829980813,396849,396849,9149,2.305410874161205
2025-11,120323,120323,6080,5.053065498699334,419222,419222,9680,2.3090391248550888
2025-12,122817,122817,6079,4.949640522077562,425444,425444,9861,2.317813860343547
2026-01,121549,121549,6103,5.021020329249932,515394,515394,11917,2.312211628385274
2026-02,115332,115332,5873,5.092255401796552,411611,411611,9423,2.2892974191651825
2026-03,124296,124296,6034,4.854540773637124,433646,433646,10042,2.3157137388561178
2026-04,126499,126499,6280,4.964466122261836,424902,424902,9742,2.2927639785173994
2026-05,127155,127155,6301,4.955369431009398,425249,425249,9673,2.2746673125627574
2026-06,70691,70691,3557,5.031757932410066,251967,251967,5743,2.279266729373291
