table,column,rows_examined,finite_values,nonfinite_inf,min,max,mean,std_population,negative,zero,batch_size,batches,table_gpu_profile_wall_s,pool_peak_MiB,engine
branches,atm_count,350,350,0,2.0,8.0,5.074285714285714,1.9986199320163556,0,0,131072,1,26.140675100003136,0.01416015625,CuPy/CUDA
branches,teller_window_count,350,350,0,3.0,12.0,7.84,2.859090764561349,0,0,131072,1,26.140675100003136,0.01416015625,CuPy/CUDA
branches,latitude,350,350,0,-34.6907666,25.7817721,2.6647802785714276,15.267649465010786,126,0,131072,1,26.140675100003136,0.01416015625,CuPy/CUDA
branches,longitude,350,350,0,-103.4485498,0.0999953,-44.301947793428575,43.926609763399846,267,0,131072,1,26.140675100003136,0.01416015625,CuPy/CUDA
customers,credit_score,150000,127508,0,422.0,850.0,647.0983624556891,76.8482597094809,0,0,131072,2,22.222819799993886,4.17822265625,CuPy/CUDA
customers,estimated_monthly_income,150000,119967,0,5100.28,111895075.15,5895961.540268741,14471887.913109805,0,0,131072,2,22.222819799993886,4.17822265625,CuPy/CUDA
products,current_balance,400000,400000,0,0.0,881511545.61,6398475.925089474,32924771.339800775,0,10918,131072,4,0.19243029999779537,4.62646484375,CuPy/CUDA
products,credit_limit,400000,125317,0,1000.33,599984205.95,43180976.17941556,94636318.29375815,0,0,131072,4,0.19243029999779537,4.62646484375,CuPy/CUDA
products,interest_rate,400000,359934,0,0.0,45.0,9.984632182566806,13.776952598226993,0,37768,131072,4,0.19243029999779537,4.62646484375,CuPy/CUDA
products,days_past_due,400000,125350,0,0.0,180.0,12.341045073793378,36.48224077120313,0,106585,131072,4,0.19243029999779537,4.62646484375,CuPy/CUDA
service_agents,avg_csat,1200,1066,0,3.5,5.0,4.271369606003752,0.4292029791953059,0,0,131072,1,0.012779300013789907,0.06787109375,CuPy/CUDA
service_agents,total_monthly_interactions,1200,1089,0,100.0,800.0,453.030303030303,202.2185899632419,0,0,131072,1,0.012779300013789907,0.06787109375,CuPy/CUDA
marketing_campaigns,budget,200,169,0,6355.31,499954.38,263990.2320710059,139980.67138910643,0,0,131072,1,20.84336080000503,0.00830078125,CuPy/CUDA
marketing_campaigns,expected_conversion_rate,200,186,0,0.55,14.69,7.6552688172043,4.038297467140534,0,0,131072,1,20.84336080000503,0.00830078125,CuPy/CUDA
daily_exchange_rates,exchange_rate,13164,13164,0,0.000245,4079.944006,385.9353559140079,1094.1994862895724,0,0,131072,1,0.02002850000280887,0.46630859375,CuPy/CUDA
daily_exchange_rates,buy_rate,13164,13164,0,0.000241,4057.98057,382.0446264124886,1083.165523922404,0,0,131072,1,0.02002850000280887,0.46630859375,CuPy/CUDA
daily_exchange_rates,sell_rate,13164,13164,0,0.000246,4138.591967,389.8260854174263,1105.2439794206032,0,0,131072,1,0.02002850000280887,0.46630859375,CuPy/CUDA
call_center_interactions,duration_seconds,686296,590062,0,30.0,1204.0,321.4545454545455,153.97324869546074,0,0,131072,6,0.24608330000774004,7.20751953125,CuPy/CUDA
call_center_interactions,wait_time_seconds,686296,480678,0,0.0,424.0,119.93708054040334,58.66422156787333,0,11369,131072,6,0.24608330000774004,7.20751953125,CuPy/CUDA
call_center_interactions,sentiment_score,686296,686296,0,-1.0,1.0,-0.03693742933078438,0.37963301984506015,357951,7685,131072,6,0.24608330000774004,7.20751953125,CuPy/CUDA
call_transcripts,accent_confidence,171321,154180,0,0.75,0.99,0.8704534959138669,0.06933625663681234,0,0,131072,2,0.05437900000833906,4.32763671875,CuPy/CUDA
call_transcripts,duration_seconds,171321,147292,0,30.0,1151.0,321.4648657089319,153.97150649766516,0,0,131072,2,0.05437900000833906,4.32763671875,CuPy/CUDA
complaints,claimed_amount,67095,21751,0,50.27,4999.93,2535.5202114845297,1429.6890249716353,0,0,131072,1,0.03663710001274012,1.16650390625,CuPy/CUDA
complaints,resolution_days,67095,15363,0,1.0,30.0,15.601445030267525,8.705800849172872,0,0,131072,1,0.03663710001274012,1.16650390625,CuPy/CUDA
complaints,compensation_granted,67095,4641,0,10.15,499.98,253.13719026071965,142.63614856038066,0,0,131072,1,0.03663710001274012,1.16650390625,CuPy/CUDA
complaints,resolution_satisfaction,67095,2484,0,1.0,5.0,3.0209339774557167,1.4254009568365402,0,0,131072,1,0.03663710001274012,1.16650390625,CuPy/CUDA
satisfaction_surveys,main_score,212759,212759,0,1.0,7.0,3.526163405543361,1.5367902758608967,0,0,131072,2,0.24039259998244233,4.62646484375,CuPy/CUDA
satisfaction_surveys,question_1_response,212759,121370,0,1.0,5.0,3.008552360550383,1.4147701971697064,0,0,131072,2,0.24039259998244233,4.62646484375,CuPy/CUDA
satisfaction_surveys,question_2_response,212759,81496,0,1.0,5.0,3.00665063315991,1.4083464137231176,0,0,131072,2,0.24039259998244233,4.62646484375,CuPy/CUDA
satisfaction_surveys,question_3_response,212759,40103,0,1.0,5.0,2.9871081963942845,1.4135639721806086,0,0,131072,2,0.24039259998244233,4.62646484375,CuPy/CUDA
satisfaction_surveys,response_time_hours,212759,212759,0,1.01,35.97,18.474388345498898,7.49149729366701,0,0,131072,2,0.24039259998244233,4.62646484375,CuPy/CUDA
satisfaction_surveys,campaign_response_rate,212759,180722,0,15.0,45.0,29.95858213167185,8.660902092160851,0,0,131072,2,0.24039259998244233,4.62646484375,CuPy/CUDA
transactions,amount,4425008,4425008,0,5.0,39999828.48,1913670.9025838121,5668216.717944409,0,0,131072,34,2.791782599990256,4.62646484375,CuPy/CUDA
transactions,amount_usd,4425008,1887552,0,5.0,9999.96,1675.074620391915,2333.763101159485,0,0,131072,34,2.791782599990256,4.62646484375,CuPy/CUDA
transactions,fraud_score,4425008,3539851,0,0.0,99.99,15.031166097104085,8.770810035100876,0,575,131072,34,2.791782599990256,4.62646484375,CuPy/CUDA
transactions,latitude,4425008,857328,0,-35.6036984,5.7109985,-5.479298783980345,14.67866938796848,385699,0,131072,34,2.791782599990256,4.62646484375,CuPy/CUDA
transactions,longitude,4425008,857293,0,-75.0720969,0.99999,-33.878037199718996,34.346143042492955,642986,0,131072,34,2.791782599990256,4.62646484375,CuPy/CUDA
digital_events,event_value,15620994,794510,0,10.01,4999.98,2506.441793268807,1441.0825329000527,0,0,131072,120,3.3988040999975055,6.0517578125,CuPy/CUDA
digital_events,duration_seconds,15620994,5674785,0,5.0,300.0,152.51202538950818,85.45756590871677,0,0,131072,120,3.3988040999975055,6.0517578125,CuPy/CUDA
campaign_sends,click_count,1746801,97793,0,1.0,5.0,2.9996932295767595,1.4139098092547602,0,0,131072,14,10.377839299995685,6.7958984375,CuPy/CUDA
campaign_sends,conversion_value,1746801,9799,0,100.88,4999.75,2547.086429227472,1430.5213697563204,0,0,131072,14,10.377839299995685,6.7958984375,CuPy/CUDA
campaign_sends,send_cost,1746801,1484718,0,0.0001,0.3,0.0430008650127499,0.052472478534788966,0,0,131072,14,10.377839299995685,6.7958984375,CuPy/CUDA
