child,foreign_key,parent,rows,nonnull_reference,null_reference,absent_parent,ambiguous_parent,valid_reference,absent_pct_nonnull
customers,registration_branch_id,branches,150000,150000,0,149995,0,5,99.99666666666667
products,customer_id,customers,400000,400000,0,0,0,400000,0.0
products,opening_branch_id,branches,400000,400000,0,0,0,400000,0.0
service_agents,assigned_branch_id,branches,1200,833,367,831,0,2,99.75990396158464
call_center_interactions,customer_id,customers,686296,686296,0,0,0,686296,0.0
call_center_interactions,agent_id,service_agents,686296,686296,0,0,0,686296,0.0
call_transcripts,interaction_id,call_center_interactions,171321,171321,0,0,0,171321,0.0
call_transcripts,customer_id,customers,171321,171321,0,0,0,171321,0.0
call_transcripts,agent_id,service_agents,171321,171321,0,0,0,171321,0.0
complaints,customer_id,customers,67095,67095,0,0,0,67095,0.0
complaints,affected_product_id,products,67095,44570,22525,0,0,44570,0.0
complaints,related_branch_id,branches,67095,19178,47917,0,0,19178,0.0
complaints,origin_interaction_id,call_center_interactions,67095,0,67095,0,0,0,
complaints,assigned_agent_id,service_agents,67095,43980,23115,0,0,43980,0.0
satisfaction_surveys,interaction_id,call_center_interactions,212759,212759,0,0,0,212759,0.0
satisfaction_surveys,customer_id,customers,212759,212759,0,0,0,212759,0.0
satisfaction_surveys,agent_id,service_agents,212759,212759,0,0,0,212759,0.0
transactions,customer_id,customers,4425008,4425008,0,0,0,4425008,0.0
transactions,product_id,products,4425008,4425008,0,0,0,4425008,0.0
transactions,branch_id,branches,4425008,1387932,3037076,0,0,1387932,0.0
digital_events,customer_id,customers,15620994,11875548,3745446,0,0,11875548,0.0
digital_events,product_id,products,15620994,1440338,14180656,0,0,1440338,0.0
campaign_sends,customer_id,customers,1746801,1746801,0,0,0,1746801,0.0
campaign_sends,campaign_id,marketing_campaigns,1746801,1746801,0,0,0,1746801,0.0
