month_start,action_name,events,identified_customers
2023-06-01,(sin acción),18774,9264
2023-06-01,initiate_payment,10780,6104
2023-06-01,initiate_transfer,10888,6155
2023-06-01,login,26242,12601
2023-06-01,logout,26265,12708
2023-06-01,view_accounts,10831,6120
2023-06-01,view_help,10755,6142
2023-06-01,view_home,10708,6107
2023-06-01,view_product,40965,12473
2023-06-01,view_products,10839,6169
2023-06-01,view_transactions,10807,6077
2023-07-01,(sin acción),51877,24117
2023-07-01,initiate_payment,30087,16399
2023-07-01,initiate_transfer,29993,16308
2023-07-01,login,72809,32393
2023-07-01,logout,72729,32495
2023-07-01,view_accounts,29703,16409
2023-07-01,view_help,29375,16187
2023-07-01,view_home,29339,16173
2023-07-01,view_product,112125,31956
2023-07-01,view_products,29510,16207
2023-07-01,view_transactions,29956,16380
2023-08-01,(sin acción),44366,20638
2023-08-01,initiate_payment,25565,14034
2023-08-01,initiate_transfer,25273,14035
2023-08-01,login,62104,28089
2023-08-01,logout,62004,27996
2023-08-01,view_accounts,25377,13978
2023-08-01,view_help,25196,13993
2023-08-01,view_home,25367,14033
2023-08-01,view_product,96422,27595
2023-08-01,view_products,25192,13966
2023-08-01,view_transactions,25491,14082
2023-09-01,(sin acción),44176,20740
2023-09-01,initiate_payment,25592,14081
2023-09-01,initiate_transfer,25483,14135
2023-09-01,login,62191,28241
2023-09-01,logout,62271,28148
2023-09-01,view_accounts,25431,14026
2023-09-01,view_help,25294,14048
2023-09-01,view_home,25254,14006
2023-09-01,view_product,96500,27929
2023-09-01,view_products,25583,14105
2023-09-01,view_transactions,25663,14191
2023-10-01,(sin acción),47870,22535
2023-10-01,initiate_payment,27541,15161
2023-10-01,initiate_transfer,28002,15369
2023-10-01,login,67840,30704
2023-10-01,logout,67874,30748
2023-10-01,view_accounts,27664,15336
2023-10-01,view_help,27426,15143
2023-10-01,view_home,27299,15253
2023-10-01,view_product,105401,30313
2023-10-01,view_products,27572,15316
2023-10-01,view_transactions,27919,15439
2023-11-01,(sin acción),42081,19907
2023-11-01,initiate_payment,24248,13553
2023-11-01,initiate_transfer,24164,13385
2023-11-01,login,59092,26999
2023-11-01,logout,59342,27103
2023-11-01,view_accounts,24212,13389
2023-11-01,view_help,23942,13339
2023-11-01,view_home,24195,13456
2023-11-01,view_product,91895,26566
2023-11-01,view_products,23931,13258
2023-11-01,view_transactions,24041,13374
2023-12-01,(sin acción),43040,20194
2023-12-01,initiate_payment,24734,13663
2023-12-01,initiate_transfer,24693,13689
2023-12-01,login,60483,27422
2023-12-01,logout,60602,27691
2023-12-01,view_accounts,24587,13675
2023-12-01,view_help,24676,13681
2023-12-01,view_home,24617,13651
2023-12-01,view_product,93745,27246
2023-12-01,view_products,24328,13520
2023-12-01,view_transactions,24508,13619
2024-01-01,(sin acción),49574,23063
2024-01-01,initiate_payment,28947,15876
2024-01-01,initiate_transfer,28713,15784
2024-01-01,login,69376,31131
2024-01-01,logout,69911,31446
2024-01-01,view_accounts,28453,15709
2024-01-01,view_help,28386,15616
2024-01-01,view_home,28123,15649
2024-01-01,view_product,108082,30883
2024-01-01,view_products,28549,15611
2024-01-01,view_transactions,28447,15699
2024-02-01,(sin acción),37130,17615
2024-02-01,initiate_payment,21540,11856
2024-02-01,initiate_transfer,21739,12010
2024-02-01,login,51886,23940
2024-02-01,logout,51893,23920
2024-02-01,view_accounts,21176,11660
2024-02-01,view_help,20819,11645
2024-02-01,view_home,21128,11807
2024-02-01,view_product,81192,23690
2024-02-01,view_products,21466,11997
2024-02-01,view_transactions,21238,11758
2024-03-01,(sin acción),42723,19857
2024-03-01,initiate_payment,24123,13284
2024-03-01,initiate_transfer,24196,13421
2024-03-01,login,59199,26981
2024-03-01,logout,59115,27011
2024-03-01,view_accounts,24155,13312
2024-03-01,view_help,24145,13333
2024-03-01,view_home,23903,13286
2024-03-01,view_product,92116,26708
2024-03-01,view_products,24154,13428
2024-03-01,view_transactions,24320,13375
2024-04-01,(sin acción),39569,18527
2024-04-01,initiate_payment,22862,12567
2024-04-01,initiate_transfer,22638,12493
2024-04-01,login,55124,25273
2024-04-01,logout,54907,25300
2024-04-01,view_accounts,22409,12539
2024-04-01,view_help,22245,12489
2024-04-01,view_home,22309,12461
2024-04-01,view_product,85175,24866
2024-04-01,view_products,22650,12597
2024-04-01,view_transactions,22677,12554
2024-05-01,(sin acción),46293,21598
2024-05-01,initiate_payment,26596,14589
2024-05-01,initiate_transfer,26703,14617
2024-05-01,login,64685,29144
2024-05-01,logout,65175,29427
2024-05-01,view_accounts,26317,14470
2024-05-01,view_help,26598,14726
2024-05-01,view_home,26307,14518
2024-05-01,view_product,101294,28963
2024-05-01,view_products,26645,14628
2024-05-01,view_transactions,26605,14601
2024-06-01,(sin acción),42276,19906
2024-06-01,initiate_payment,24333,13444
2024-06-01,initiate_transfer,24499,13476
2024-06-01,login,59679,27158
2024-06-01,logout,59292,26956
2024-06-01,view_accounts,23843,13258
2024-06-01,view_help,24214,13411
2024-06-01,view_home,24047,13374
2024-06-01,view_product,91616,26724
2024-06-01,view_products,23682,13303
2024-06-01,view_transactions,24150,13473
2024-07-01,(sin acción),44343,20835
2024-07-01,initiate_payment,25564,14082
2024-07-01,initiate_transfer,25702,14159
2024-07-01,login,62161,28330
2024-07-01,logout,62302,28458
2024-07-01,view_accounts,25352,13928
2024-07-01,view_help,25282,14031
2024-07-01,view_home,25306,14096
2024-07-01,view_product,97021,27990
2024-07-01,view_products,25313,14076
2024-07-01,view_transactions,25743,14291
2024-08-01,(sin acción),41870,19804
2024-08-01,initiate_payment,24132,13408
2024-08-01,initiate_transfer,24333,13437
2024-08-01,login,59145,27039
2024-08-01,logout,59220,27008
2024-08-01,view_accounts,24112,13426
2024-08-01,view_help,23815,13270
2024-08-01,view_home,24161,13361
2024-08-01,view_product,92273,26696
2024-08-01,view_products,23944,13332
2024-08-01,view_transactions,24324,13536
2024-09-01,(sin acción),42376,19930
2024-09-01,initiate_payment,24396,13500
2024-09-01,initiate_transfer,24422,13354
2024-09-01,login,59731,27014
2024-09-01,logout,59685,27075
2024-09-01,view_accounts,24289,13421
2024-09-01,view_help,24300,13470
2024-09-01,view_home,24241,13318
2024-09-01,view_product,93459,26677
2024-09-01,view_products,24492,13473
2024-09-01,view_transactions,24486,13451
2024-10-01,(sin acción),40964,19302
2024-10-01,initiate_payment,23374,13023
2024-10-01,initiate_transfer,23690,13160
2024-10-01,login,57592,26239
2024-10-01,logout,57306,26256
2024-10-01,view_accounts,23318,12921
2024-10-01,view_help,23291,13015
2024-10-01,view_home,23269,12983
2024-10-01,view_product,88782,25863
2024-10-01,view_products,23211,12865
2024-10-01,view_transactions,23537,13035
2024-11-01,(sin acción),38533,18206
2024-11-01,initiate_payment,22307,12274
2024-11-01,initiate_transfer,22570,12485
2024-11-01,login,54286,24972
2024-11-01,logout,54536,24906
2024-11-01,view_accounts,22031,12364
2024-11-01,view_help,21844,12144
2024-11-01,view_home,22248,12383
2024-11-01,view_product,84871,24685
2024-11-01,view_products,22315,12404
2024-11-01,view_transactions,22528,12487
2024-12-01,(sin acción),40261,19023
2024-12-01,initiate_payment,23068,12859
2024-12-01,initiate_transfer,22979,12777
2024-12-01,login,56130,25839
2024-12-01,logout,56564,25932
2024-12-01,view_accounts,23069,12789
2024-12-01,view_help,23066,12814
2024-12-01,view_home,23162,12854
2024-12-01,view_product,87534,25424
2024-12-01,view_products,22747,12616
2024-12-01,view_transactions,23132,12884
2025-01-01,(sin acción),44368,20944
2025-01-01,initiate_payment,25734,14323
2025-01-01,initiate_transfer,25452,14022
2025-01-01,login,62284,28327
2025-01-01,logout,62238,28367
2025-01-01,view_accounts,25222,13936
2025-01-01,view_help,25207,14155
2025-01-01,view_home,25362,14151
2025-01-01,view_product,96636,27976
2025-01-01,view_products,25351,13997
2025-01-01,view_transactions,25702,14239
2025-02-01,(sin acción),39015,18357
2025-02-01,initiate_payment,22670,12567
2025-02-01,initiate_transfer,22517,12571
2025-02-01,login,54809,25185
2025-02-01,logout,55183,25259
2025-02-01,view_accounts,22624,12502
2025-02-01,view_help,22622,12584
2025-02-01,view_home,22211,12429
2025-02-01,view_product,85796,24947
2025-02-01,view_products,22297,12408
2025-02-01,view_transactions,22516,12468
2025-03-01,(sin acción),43037,20344
2025-03-01,initiate_payment,25010,13816
2025-03-01,initiate_transfer,24702,13725
2025-03-01,login,60223,27552
2025-03-01,logout,60511,27402
2025-03-01,view_accounts,24604,13646
2025-03-01,view_help,24382,13548
2025-03-01,view_home,24552,13667
2025-03-01,view_product,94231,27396
2025-03-01,view_products,24528,13688
2025-03-01,view_transactions,24810,13739
2025-04-01,(sin acción),38906,18468
2025-04-01,initiate_payment,22360,12459
2025-04-01,initiate_transfer,22261,12491
2025-04-01,login,54453,25000
2025-04-01,logout,54393,25007
2025-04-01,view_accounts,22145,12340
2025-04-01,view_help,22046,12272
2025-04-01,view_home,22164,12361
2025-04-01,view_product,84390,24601
2025-04-01,view_products,22206,12281
2025-04-01,view_transactions,22381,12383
2025-05-01,(sin acción),47633,22205
2025-05-01,initiate_payment,27602,15160
2025-05-01,initiate_transfer,27720,15219
2025-05-01,login,66964,30187
2025-05-01,logout,67226,30231
2025-05-01,view_accounts,27456,15227
2025-05-01,view_help,27289,15139
2025-05-01,view_home,27069,14876
2025-05-01,view_product,104356,29874
2025-05-01,view_products,26943,14917
2025-05-01,view_transactions,27986,15271
2025-06-01,(sin acción),41677,19628
2025-06-01,initiate_payment,23970,13260
2025-06-01,initiate_transfer,24096,13295
2025-06-01,login,58294,26603
2025-06-01,logout,58075,26702
2025-06-01,view_accounts,23863,13182
2025-06-01,view_help,23601,13207
2025-06-01,view_home,23588,13033
2025-06-01,view_product,91110,26330
2025-06-01,view_products,23597,13193
2025-06-01,view_transactions,23911,13272
2025-07-01,(sin acción),48200,22596
2025-07-01,initiate_payment,28327,15500
2025-07-01,initiate_transfer,28060,15431
2025-07-01,login,68300,30769
2025-07-01,logout,67831,30652
2025-07-01,view_accounts,27839,15299
2025-07-01,view_help,27868,15277
2025-07-01,view_home,27811,15272
2025-07-01,view_product,106428,30282
2025-07-01,view_products,27917,15373
2025-07-01,view_transactions,27858,15292
2025-08-01,(sin acción),45175,21178
2025-08-01,initiate_payment,25948,14460
2025-08-01,initiate_transfer,25897,14392
2025-08-01,login,62967,28661
2025-08-01,logout,63166,28654
2025-08-01,view_accounts,26104,14389
2025-08-01,view_help,25862,14203
2025-08-01,view_home,25774,14233
2025-08-01,view_product,98286,28354
2025-08-01,view_products,25699,14226
2025-08-01,view_transactions,26176,14475
2025-09-01,(sin acción),44644,20915
2025-09-01,initiate_payment,26034,14339
2025-09-01,initiate_transfer,25835,14116
2025-09-01,login,62157,28279
2025-09-01,logout,62227,28110
2025-09-01,view_accounts,25562,14166
2025-09-01,view_help,25496,14033
2025-09-01,view_home,25428,14080
2025-09-01,view_product,97534,27876
2025-09-01,view_products,25418,13839
2025-09-01,view_transactions,25678,14064
2025-10-01,(sin acción),40036,18961
2025-10-01,initiate_payment,22926,12800
2025-10-01,initiate_transfer,23098,12869
2025-10-01,login,55649,25690
2025-10-01,logout,56019,25679
2025-10-01,view_accounts,22814,12690
2025-10-01,view_help,22831,12666
2025-10-01,view_home,22515,12690
2025-10-01,view_product,86632,25394
2025-10-01,view_products,22693,12588
2025-10-01,view_transactions,22900,12791
2025-11-01,(sin acción),42134,19913
2025-11-01,initiate_payment,24195,13461
2025-11-01,initiate_transfer,24188,13580
2025-11-01,login,58915,26862
2025-11-01,logout,58632,26838
2025-11-01,view_accounts,23668,13141
2025-11-01,view_help,23899,13324
2025-11-01,view_home,23884,13362
2025-11-01,view_product,91749,26568
2025-11-01,view_products,24017,13325
2025-11-01,view_transactions,24368,13468
2025-12-01,(sin acción),42511,20013
2025-12-01,initiate_payment,24925,13662
2025-12-01,initiate_transfer,24693,13640
2025-12-01,login,59333,27018
2025-12-01,logout,59452,27044
2025-12-01,view_accounts,24243,13393
2025-12-01,view_help,24348,13449
2025-12-01,view_home,24227,13428
2025-12-01,view_product,91968,26628
2025-12-01,view_products,24274,13420
2025-12-01,view_transactions,24515,13477
2026-01-01,(sin acción),51443,23897
2026-01-01,initiate_payment,29922,16440
2026-01-01,initiate_transfer,29701,16110
2026-01-01,login,72160,32107
2026-01-01,logout,72647,32286
2026-01-01,view_accounts,29435,16198
2026-01-01,view_help,29510,16118
2026-01-01,view_home,29366,16029
2026-01-01,view_product,112960,31928
2026-01-01,view_products,29293,16037
2026-01-01,view_transactions,29777,16344
2026-02-01,(sin acción),41538,19509
2026-02-01,initiate_payment,23874,13200
2026-02-01,initiate_transfer,24024,13291
2026-02-01,login,57662,26373
2026-02-01,logout,57842,26409
2026-02-01,view_accounts,23397,13056
2026-02-01,view_help,23263,12983
2026-02-01,view_home,23477,13099
2026-02-01,view_product,89946,26198
2026-02-01,view_products,23516,13082
2026-02-01,view_transactions,23860,13164
2026-03-01,(sin acción),42881,20213
2026-03-01,initiate_payment,24927,13885
2026-03-01,initiate_transfer,24492,13683
2026-03-01,login,60188,27513
2026-03-01,logout,60203,27462
2026-03-01,view_accounts,24319,13633
2026-03-01,view_help,24456,13662
2026-03-01,view_home,24517,13662
2026-03-01,view_product,93996,27150
2026-03-01,view_products,24671,13704
2026-03-01,view_transactions,24853,13785
2026-04-01,(sin acción),42232,19920
2026-04-01,initiate_payment,24839,13710
2026-04-01,initiate_transfer,24900,13636
2026-04-01,login,60114,27291
2026-04-01,logout,59769,27239
2026-04-01,view_accounts,24282,13417
2026-04-01,view_help,24342,13535
2026-04-01,view_home,24392,13499
2026-04-01,view_product,93195,26897
2026-04-01,view_products,24510,13614
2026-04-01,view_transactions,24660,13597
2026-05-01,(sin acción),42466,20100
2026-05-01,initiate_payment,24448,13601
2026-05-01,initiate_transfer,24655,13707
2026-05-01,login,60243,27358
2026-05-01,logout,59810,27355
2026-05-01,view_accounts,24460,13692
2026-05-01,view_help,24352,13595
2026-05-01,view_home,24310,13483
2026-05-01,view_product,92571,26969
2026-05-01,view_products,24358,13575
2026-05-01,view_transactions,24590,13554
2026-06-01,(sin acción),25440,12184
2026-06-01,initiate_payment,14725,8191
2026-06-01,initiate_transfer,14853,8279
2026-06-01,login,35459,16780
2026-06-01,logout,35423,16848
2026-06-01,view_accounts,14436,8184
2026-06-01,view_help,14582,8099
2026-06-01,view_home,14428,8171
2026-06-01,view_product,55391,16614
2026-06-01,view_products,14366,8101
2026-06-01,view_transactions,14926,8350
