action_name,events,identified_customers,sessions,anonymous_events,errors,share_pct
view_product,3407643,149889,1381335,817349,0,21.814508090842363
logout,2191640,149916,1418993,525484,0,14.030093091387142
login,2189929,149897,1417805,525559,0,14.019139883159804
(sin acción),1561432,149203,1017911,374571,35647,9.995727544610798
initiate_payment,902225,145389,678703,216178,53657,5.775720802402203
initiate_transfer,901824,145384,678531,215999,53883,5.773153744249566
view_transactions,901039,145380,678342,216555,54073,5.768128455846024
view_accounts,892802,145145,673221,213850,40308,5.715398136635863
view_products,891777,145351,673387,213722,40193,5.708836454325506
view_help,890625,145133,672600,213090,40679,5.701461763572792
view_home,890058,145305,672072,213089,40283,5.69783203296794
