month_start,transaction_type,transactions,customers,declined
2023-06-01,Adjustment,1734,1670,100
2023-06-01,Deposit,7755,7394,388
2023-06-01,Payment,9421,8943,488
2023-06-01,Purchase,13877,12557,648
2023-06-01,Transfer,11277,10581,554
2023-06-01,Withdrawal,12196,11458,578
2023-07-01,Adjustment,3615,3362,182
2023-07-01,Deposit,16715,15135,769
2023-07-01,Payment,20372,18130,1038
2023-07-01,Purchase,29692,24030,1511
2023-07-01,Transfer,24467,21396,1207
2023-07-01,Withdrawal,26452,23236,1288
2023-08-01,Adjustment,3873,3638,217
2023-08-01,Deposit,17676,15962,883
2023-08-01,Payment,21198,18814,1045
2023-08-01,Purchase,31324,25141,1564
2023-08-01,Transfer,25799,22369,1283
2023-08-01,Withdrawal,27722,24211,1374
2023-09-01,Adjustment,3504,3314,187
2023-09-01,Deposit,16292,14833,795
2023-09-01,Payment,20179,18036,995
2023-09-01,Purchase,29392,23878,1527
2023-09-01,Transfer,24173,21115,1231
2023-09-01,Withdrawal,26019,22989,1240
2023-10-01,Adjustment,3787,3560,183
2023-10-01,Deposit,17650,15902,854
2023-10-01,Payment,21295,18906,1098
2023-10-01,Purchase,31325,25146,1609
2023-10-01,Transfer,26005,22494,1267
2023-10-01,Withdrawal,27731,24273,1402
2023-11-01,Adjustment,3639,3409,180
2023-11-01,Deposit,16703,15126,808
2023-11-01,Payment,20391,18162,996
2023-11-01,Purchase,29786,24198,1474
2023-11-01,Transfer,24696,21460,1251
2023-11-01,Withdrawal,26769,23474,1345
2023-12-01,Adjustment,3747,3504,168
2023-12-01,Deposit,17101,15472,849
2023-12-01,Payment,21086,18700,1063
2023-12-01,Purchase,30902,24959,1526
2023-12-01,Transfer,25533,22098,1325
2023-12-01,Withdrawal,27600,24091,1359
2024-01-01,Adjustment,3608,3382,172
2024-01-01,Deposit,16821,15329,831
2024-01-01,Payment,20389,18219,970
2024-01-01,Purchase,29910,24246,1516
2024-01-01,Transfer,25006,21799,1199
2024-01-01,Withdrawal,26467,23290,1349
2024-02-01,Adjustment,3536,3301,172
2024-02-01,Deposit,16325,14851,858
2024-02-01,Payment,19562,17476,1060
2024-02-01,Purchase,28868,23574,1493
2024-02-01,Transfer,23646,20807,1208
2024-02-01,Withdrawal,25198,22335,1252
2024-03-01,Adjustment,3600,3369,181
2024-03-01,Deposit,16684,15115,845
2024-03-01,Payment,20521,18336,1043
2024-03-01,Purchase,29739,24173,1499
2024-03-01,Transfer,24494,21428,1218
2024-03-01,Withdrawal,26550,23284,1361
2024-04-01,Adjustment,3655,3409,182
2024-04-01,Deposit,16542,15005,798
2024-04-01,Payment,20264,18091,1006
2024-04-01,Purchase,29649,23968,1496
2024-04-01,Transfer,24738,21616,1225
2024-04-01,Withdrawal,26482,23231,1288
2024-05-01,Adjustment,3836,3582,170
2024-05-01,Deposit,17407,15745,858
2024-05-01,Payment,21110,18824,994
2024-05-01,Purchase,30879,24892,1606
2024-05-01,Transfer,25452,22114,1272
2024-05-01,Withdrawal,27687,24118,1377
2024-06-01,Adjustment,3660,3437,201
2024-06-01,Deposit,16718,15204,843
2024-06-01,Payment,20202,18091,919
2024-06-01,Purchase,29667,24070,1497
2024-06-01,Transfer,24990,21838,1227
2024-06-01,Withdrawal,26579,23339,1308
2024-07-01,Adjustment,3809,3574,179
2024-07-01,Deposit,17704,15905,848
2024-07-01,Payment,21575,19088,1075
2024-07-01,Purchase,31500,25322,1637
2024-07-01,Transfer,26169,22686,1291
2024-07-01,Withdrawal,28015,24291,1399
2024-08-01,Adjustment,3564,3322,171
2024-08-01,Deposit,17071,15454,878
2024-08-01,Payment,20638,18306,1003
2024-08-01,Purchase,29902,24313,1459
2024-08-01,Transfer,24741,21555,1256
2024-08-01,Withdrawal,26848,23579,1318
2024-09-01,Adjustment,3410,3214,178
2024-09-01,Deposit,15869,14488,784
2024-09-01,Payment,19801,17711,1009
2024-09-01,Purchase,28908,23469,1358
2024-09-01,Transfer,23867,20828,1212
2024-09-01,Withdrawal,25670,22585,1289
2024-10-01,Adjustment,3868,3608,198
2024-10-01,Deposit,17701,16018,964
2024-10-01,Payment,20917,18587,940
2024-10-01,Purchase,31166,25016,1572
2024-10-01,Transfer,26121,22611,1306
2024-10-01,Withdrawal,27720,24246,1370
2024-11-01,Adjustment,3642,3408,195
2024-11-01,Deposit,16777,15303,884
2024-11-01,Payment,20311,18126,1040
2024-11-01,Purchase,29398,23996,1445
2024-11-01,Transfer,24965,21731,1264
2024-11-01,Withdrawal,26388,23251,1313
2024-12-01,Adjustment,3686,3478,198
2024-12-01,Deposit,17017,15389,823
2024-12-01,Payment,20231,18065,1017
2024-12-01,Purchase,30250,24461,1502
2024-12-01,Transfer,24816,21685,1295
2024-12-01,Withdrawal,26761,23464,1376
2025-01-01,Adjustment,3700,3477,204
2025-01-01,Deposit,16769,15222,855
2025-01-01,Payment,20317,18097,1057
2025-01-01,Purchase,30117,24424,1540
2025-01-01,Transfer,24807,21601,1275
2025-01-01,Withdrawal,26470,23198,1379
2025-02-01,Adjustment,3388,3161,157
2025-02-01,Deposit,15172,13831,762
2025-02-01,Payment,18452,16591,953
2025-02-01,Purchase,27138,22402,1363
2025-02-01,Transfer,22226,19689,1141
2025-02-01,Withdrawal,24089,21353,1193
2025-03-01,Adjustment,3659,3419,185
2025-03-01,Deposit,16855,15209,861
2025-03-01,Payment,20780,18493,1060
2025-03-01,Purchase,30547,24707,1507
2025-03-01,Transfer,24918,21659,1264
2025-03-01,Withdrawal,26957,23583,1304
2025-04-01,Adjustment,3599,3391,175
2025-04-01,Deposit,16566,15036,806
2025-04-01,Payment,20127,18000,986
2025-04-01,Purchase,29616,24128,1529
2025-04-01,Transfer,24545,21425,1205
2025-04-01,Withdrawal,26291,23051,1300
2025-05-01,Adjustment,3831,3584,211
2025-05-01,Deposit,17661,15960,882
2025-05-01,Payment,21317,18928,1044
2025-05-01,Purchase,30970,24905,1517
2025-05-01,Transfer,25487,22212,1253
2025-05-01,Withdrawal,27731,24201,1364
2025-06-01,Adjustment,3565,3332,181
2025-06-01,Deposit,16362,14848,827
2025-06-01,Payment,19855,17755,959
2025-06-01,Purchase,29256,23772,1548
2025-06-01,Transfer,23866,20917,1195
2025-06-01,Withdrawal,25884,22860,1296
2025-07-01,Adjustment,3782,3536,202
2025-07-01,Deposit,17703,15955,900
2025-07-01,Payment,21073,18650,1049
2025-07-01,Purchase,31135,25080,1603
2025-07-01,Transfer,25421,22136,1313
2025-07-01,Withdrawal,27768,24317,1367
2025-08-01,Adjustment,3812,3574,178
2025-08-01,Deposit,17440,15739,869
2025-08-01,Payment,21150,18785,1086
2025-08-01,Purchase,30755,24774,1557
2025-08-01,Transfer,25421,21991,1282
2025-08-01,Withdrawal,27461,23972,1358
2025-09-01,Adjustment,3583,3354,194
2025-09-01,Deposit,16254,14798,822
2025-09-01,Payment,19674,17652,939
2025-09-01,Purchase,29059,23805,1507
2025-09-01,Transfer,24010,21020,1200
2025-09-01,Withdrawal,25983,22912,1274
2025-10-01,Adjustment,3766,3519,169
2025-10-01,Deposit,17949,16180,875
2025-10-01,Payment,21442,19038,1071
2025-10-01,Purchase,31567,25369,1605
2025-10-01,Transfer,26514,22876,1310
2025-10-01,Withdrawal,28030,24499,1416
2025-11-01,Adjustment,3697,3477,196
2025-11-01,Deposit,16540,14982,827
2025-11-01,Payment,20018,17786,1002
2025-11-01,Purchase,29758,24236,1483
2025-11-01,Transfer,24434,21406,1241
2025-11-01,Withdrawal,26328,23160,1352
2025-12-01,Adjustment,3631,3430,175
2025-12-01,Deposit,16786,15228,807
2025-12-01,Payment,20468,18190,1038
2025-12-01,Purchase,29804,24219,1472
2025-12-01,Transfer,24928,21731,1288
2025-12-01,Withdrawal,26765,23558,1282
2026-01-01,Adjustment,3697,3463,187
2026-01-01,Deposit,16766,15224,845
2026-01-01,Payment,20315,18134,1017
2026-01-01,Purchase,29898,24229,1495
2026-01-01,Transfer,24703,21534,1237
2026-01-01,Withdrawal,26583,23352,1341
2026-02-01,Adjustment,3428,3214,163
2026-02-01,Deposit,15905,14529,791
2026-02-01,Payment,18986,17043,949
2026-02-01,Purchase,28137,23102,1431
2026-02-01,Transfer,23310,20506,1227
2026-02-01,Withdrawal,25332,22399,1295
2026-03-01,Adjustment,3660,3419,180
2026-03-01,Deposit,17066,15456,833
2026-03-01,Payment,20777,18427,1046
2026-03-01,Purchase,30116,24362,1462
2026-03-01,Transfer,25132,21897,1199
2026-03-01,Withdrawal,27164,23683,1309
2026-04-01,Adjustment,3706,3481,181
2026-04-01,Deposit,17361,15689,808
2026-04-01,Payment,21191,18787,1094
2026-04-01,Purchase,31035,24906,1531
2026-04-01,Transfer,25679,22281,1262
2026-04-01,Withdrawal,27520,24021,1386
2026-05-01,Adjustment,3727,3495,205
2026-05-01,Deposit,17751,15997,833
2026-05-01,Payment,21581,19148,1084
2026-05-01,Purchase,31173,25039,1609
2026-05-01,Transfer,25619,22249,1294
2026-05-01,Withdrawal,27708,24261,1300
2026-06-01,Adjustment,2114,2047,131
2026-06-01,Deposit,9975,9384,477
2026-06-01,Payment,11978,11181,618
2026-06-01,Purchase,17191,15171,867
2026-06-01,Transfer,14463,13382,702
2026-06-01,Withdrawal,15755,14485,809
