channel,transaction_type,transactions,customers,declined
ATM,Purchase,325993,78580,16579
ATM,Withdrawal,289518,105342,14290
ATM,Transfer,268811,94788,13390
ATM,Payment,221647,92454,11016
ATM,Deposit,182775,81101,9010
ATM,Adjustment,39590,21624,2019
App,Purchase,162618,66711,8148
App,Withdrawal,144402,79322,7040
App,Transfer,134801,72483,6756
App,Payment,110413,65728,5507
App,Deposit,91446,57259,4508
App,Adjustment,19734,14329,978
Branch,Purchase,32314,25794,1689
Branch,Withdrawal,28837,25023,1442
Branch,Transfer,26914,23183,1336
Branch,Payment,22064,19461,1127
Branch,Deposit,18388,16498,916
Branch,Adjustment,3978,3695,199
POS,Purchase,378515,79858,18971
POS,Withdrawal,337693,109948,16817
POS,Transfer,313434,98811,15797
POS,Payment,258573,97973,12883
POS,Deposit,213678,85980,10602
POS,Adjustment,46268,23275,2360
Transfer,Purchase,21697,18533,1090
Transfer,Withdrawal,19466,17689,1004
Transfer,Transfer,18026,16341,933
Transfer,Payment,15052,13783,790
Transfer,Deposit,12217,11354,608
Transfer,Adjustment,2701,2570,141
Web,Purchase,162269,66841,8088
Web,Withdrawal,144757,79492,7318
Web,Transfer,134452,72305,6767
Web,Payment,111215,66007,5528
Web,Deposit,90905,57320,4596
Web,Adjustment,19847,14311,991
