country,transaction_type,transactions,customers,country_share_pct,declined
Argentina,Purchase,215807,16315,24.523383389867103,10852
Argentina,Withdrawal,191990,25303,21.816921494764234,9550
Argentina,Transfer,177924,22446,20.218521485673378,8928
Argentina,Payment,146842,24949,16.68649609945398,7272
Argentina,Deposit,121067,20839,13.757535468548474,6115
Argentina,Adjustment,26375,5932,2.9971420616928315,1336
Colombia,Purchase,325787,24828,24.521591603616514,16190
Colombia,Withdrawal,289974,38512,21.825990612477156,14222
Colombia,Transfer,268989,34063,20.24647516280638,13445
Colombia,Payment,221214,37950,16.650508967523024,11195
Colombia,Deposit,183439,31575,13.807230620545969,9165
Colombia,Adjustment,39169,8874,2.9482030330309534,1887
México,Purchase,541812,40991,24.445245532118978,27523
México,Withdrawal,482709,63716,21.778661280229343,24139
México,Transfer,449525,56405,20.281479549780705,22606
México,Payment,370908,62837,16.734470867805044,18384
México,Deposit,304903,52305,13.756485087963487,14960
México,Adjustment,66574,14940,3.003657682102443,3465
